{
  "hash": "09c7c81a",
  "configHash": "8c6cbb5e",
  "lockfileHash": "26cb5611",
  "browserHash": "5500c4c3",
  "optimized": {
    "react": {
      "src": "../../node_modules/react/index.js",
      "file": "react.js",
      "fileHash": "6acfe6e3",
      "needsInterop": true
    },
    "react-dom/client": {
      "src": "../../node_modules/react-dom/client.js",
      "file": "react-dom_client.js",
      "fileHash": "a0b4667a",
      "needsInterop": true
    },
    "primereact/dropdown": {
      "src": "../../node_modules/primereact/dropdown/dropdown.esm.js",
      "file": "primereact_dropdown.js",
      "fileHash": "3e52ce39",
      "needsInterop": false
    },
    "primereact/datatable": {
      "src": "../../node_modules/primereact/datatable/datatable.esm.js",
      "file": "primereact_datatable.js",
      "fileHash": "d1d7568d",
      "needsInterop": false
    },
    "primereact/column": {
      "src": "../../node_modules/primereact/column/column.esm.js",
      "file": "primereact_column.js",
      "fileHash": "a10c23e6",
      "needsInterop": false
    },
    "primereact/button": {
      "src": "../../node_modules/primereact/button/button.esm.js",
      "file": "primereact_button.js",
      "fileHash": "c9408965",
      "needsInterop": false
    }
  },
  "chunks": {
    "chunk-ULZGLIKO": {
      "file": "chunk-ULZGLIKO.js"
    },
    "chunk-6UWW4N3F": {
      "file": "chunk-6UWW4N3F.js"
    },
    "chunk-WXK4NJHA": {
      "file": "chunk-WXK4NJHA.js"
    },
    "chunk-HCGKX5ED": {
      "file": "chunk-HCGKX5ED.js"
    },
    "chunk-WNPTCGAH": {
      "file": "chunk-WNPTCGAH.js"
    },
    "chunk-5WRI5ZAA": {
      "file": "chunk-5WRI5ZAA.js"
    }
  }
}